bike_name,Emission_Norm,price
TVS Star City Plus Dual Tone 110cc,BS IV,35000
Royal Enfield Classic 350cc,BS IV,119900
Triumph Daytona 675R,BS IV,600000
TVS Apache RTR 180cc,BS IV,65000
Yamaha FZ S V 2.0 150cc-Ltd. Edition,BS IV,80000
Yamaha FZs 150cc,BS IV,53499
Honda CB Hornet 160R  ABS DLX,BS IV,85000
Hero Splendor Plus Self Alloy 100cc,BS IV,45000
Royal Enfield Thunderbird X 350cc,BS IV,145000
Royal Enfield Classic Desert Storm 500cc,BS IV,88000
Yamaha YZF-R15 2.0 150cc,BS IV,72000
Yamaha FZ25 250cc,BS IV,95000
Bajaj Pulsar NS200,BS 6,78000
Bajaj Discover 100M,BS 6,29499
Bajaj Discover 125M,BS 6,29900
Bajaj Pulsar NS200 ABS,BS 6,90000
Bajaj Pulsar RS200 ABS,BS 6,120000
Suzuki Gixxer SF 150cc,BS 6,48000
Benelli 302R 300CC,BS 6,240000
Bajaj Discover 125M,BS 6,29900
Bajaj Pulsar RS200 ABS,BS 6,120000
Suzuki Gixxer SF 150cc,BS 6,48000
Hero Splendor iSmart Plus IBS 110cc,BS 6,46500
Royal Enfield Classic Chrome 500cc,BS 6,121700
Yamaha FZ V 2.0 150cc,BS 6,45000
Bajaj Pulsar NS200,BS 6,78000
Hero Super Splendor 125cc,BS 6,20000
Honda CBF Stunner 125cc,BS 6,20800
Bajaj Pulsar 150cc,BS 6,50000
Honda X-Blade 160CC ABS,BS IV,81200
Bajaj Pulsar NS200,BS IV,88000
Yamaha YZF-R15 2.0 150cc,BS IV,80000
Bajaj Avenger 220cc,BS IV,40900
KTM RC 390cc,BS IV,180000
Honda CB Unicorn 150cc,BS IV,40000
KTM Duke 200cc,BS IV,70000
Royal Enfield Classic 350cc,BS IV,98800
Honda CBR 150R 150cc,BS IV,65000
Royal Enfield Thunderbird X 500cc,BS IV,190500
KTM RC 200cc ABS,BS IV,179000
Royal Enfield Thunderbird 350cc,BS IV,70000
Bajaj Avenger 220cc,BS IV,45000
Royal Enfield Bullet Electra 350cc,BS IV,78000
Bajaj Avenger Street 220 ABS,BS IV,110000
Royal Enfield Classic 350cc,BS IV,85000
Bajaj Pulsar NS200,BS IV,38000
Royal Enfield Thunderbird 350cc,BS IV,55346
Mahindra Centuro NXT 110cc,BS IV,28000
Hero Hunk 150cc,BS IV,37000
Suzuki Gixxer SF Fi 150cc SP ABS,BS IV,97000
Yamaha FZ 150cc,BS IV,40000
Royal Enfield‎ Bullet 350cc,BS IV,90000
TVS Apache RTR 160cc,BS IV,60000
Honda CB Shine 125cc,BS IV,21900
Bajaj Avenger 220cc,BS 6,40000
Benelli TNT 600i ABS,BS 6,475000
Honda Dream Yuga 110cc,BS 6,34500
Yamaha SZ 150cc,BS 6,25000
Suzuki Gixxer 150cc,BS 6,30200
Bajaj Avenger Cruise 220,BS 6,65000
Bajaj Pulsar 150cc,BS 6,25000
Kawasaki Z900,BS 6,935000
Royal Enfield Bullet Electra 350cc,BS IV,107100
Bajaj Pulsar 220cc,BS IV,80000
Royal Enfield Thunderbird 350cc,BS IV,88000
KTM Duke 200cc,BS IV,94700
Hero CD Deluxe 100cc,BS IV,12200
Royal Enfield Classic 350cc,BS IV,106000
Bajaj Pulsar 220cc,BS IV,29500
Kawasaki Ninja 650cc,BS IV,290000
Royal Enfield Thunderbird 350cc,BS IV,110000
Bajaj Platina 125cc,BS IV,27000
Royal Enfield Thunderbird 350cc,BS IV,65000
Royal Enfield Thunderbird X 350cc,BS IV,150000
Hero Karizma ZMR 223cc,BS IV,55786
Bajaj Pulsar 180cc,BS IV,45000
Yamaha FZ25 ABS 250cc,BS IV,146000
Royal Enfield Thunderbird 350cc,BS 6,115000
Bajaj CT 100 100cc,BS 6,30000
Bajaj Pulsar RS200 ABS,BS 6,93100
Yamaha YZF-R15 2.0 150cc,BS 6,82000
Royal Enfield Interceptor 650cc,BS IV,260000
Honda CB Shine 125cc,BS IV,38000
KTM Duke 250cc,BS IV,130000
Royal Enfield Himalayan 410cc,BS IV,118000
Bajaj Pulsar 135LS,BS IV,14700
Royal Enfield Thunderbird 350cc,BS IV,85000
Bajaj Pulsar 220F,BS IV,40000
Yamaha FZ16 150cc,BS IV,50000
Royal Enfield Thunderbird 350cc,BS IV,71800
Royal Enfield Thunderbird 350cc,BS IV,71800
Bajaj Pulsar NS200,BS IV,75000
Ducati Scrambler 1100 Special,BS IV,1350000
Triumph Street Triple 765,BS IV,790000
Bajaj V15 150cc,BS IV,47000
Bajaj Pulsar 150cc,BS IV,60000
Suzuki Gixxer Fi 150cc ABS,BS IV,96700
Hero Splendor plus 100cc,BS IV,31900
Bajaj Pulsar 150cc,BS IV,35000
KTM Duke 390cc,BS IV,240000
Honda CBR 250R,BS IV,68000
Bajaj Pulsar RS200,BS IV,80000
Royal Enfield Classic 350cc,BS IV,135000
Bajaj Pulsar 150cc,BS IV,11100
Benelli TNT 600i,BS IV,480000
Suzuki Gixxer 150cc SP Rear Disc,BS IV,65000
Yamaha FZ S V 2.0 150cc,BS IV,60000
Honda CBR 150R 150cc,BS IV,80000
Hero Splendor Plus Self Alloy 100cc,BS IV,46000
Royal Enfield Classic 500cc,BS IV,95000
Hyosung GT650R,BS IV,400000
Bajaj V15 150cc,BS IV,55000
Yamaha YZF-R15 S 150cc,BS IV,63000
Bajaj V15 150cc,BS IV,51000
TVS Apache RTR 160 4V Disc,BS IV,69900
Bajaj Pulsar RS200 ABS,BS IV,125000
Benelli TNT 300,BS IV,210000
Honda CB ShineSP 125cc,BS IV,35900
Honda CBR 250R,BS IV,67000
Hero Passion Pro 100cc,BS IV,29339
Hero Splendor Plus 100cc,BS IV,19695
Hero Splendor iSmart Plus IBS 110cc,BS IV,48672
Honda CBR 150R 150cc,BS IV,40000
Yamaha YZF R6 600cc,BS IV,500000
Ducati 1299 Superleggera,BS IV,800000
Royal Enfield Himalayan 410cc,BS IV,110000
Royal Enfield Classic 350cc,BS IV,92500
Bajaj Pulsar NS200,BS IV,57000
Royal Enfield Electra 350cc,BS IV,72500
KTM Duke 200cc,BS IV,68000
TVS Phoenix Disc 125cc,BS IV,21500
TVS Apache RTR 160cc,BS IV,40000
Royal Enfield Classic 350cc,BS IV,91000
Harley-Davidson Street 750,BS 6,300000
Suzuki Gixxer SF 150cc,BS 6,47000
Suzuki Gixxer 150cc,BS 6,53000
Suzuki Gixxer 150cc,BS 6,51000
Bajaj Pulsar 220F,BS 6,48000
Bajaj Pulsar 220cc,BS 6,55000
Royal Enfield Himalayan 410cc Fi ABS,BS 6,173300
Royal Enfield Bullet Electra 350cc,BS 6,77000
Bajaj Pulsar NS200,BS 6,115000
Bajaj Discover 150cc,BS 6,36000
Bajaj Avenger Street 220,BS 6,72000
Royal Enfield Standard 350cc,BS 6,115000
Honda CB Shine 125cc Disc,BS IV,65000
Honda CB Unicorn ABS 150cc,BS IV,99000
Yamaha YZF-R15 2.0 150cc,BS IV,68500
Yamaha YZF-R15 V3 150cc,BS IV,140000
KTM Duke 200cc,BS IV,130000
Bajaj Pulsar NS 200,BS IV,46000
Hero Super Splendor 125cc,BS IV,30000
Bajaj Dominar 400,BS IV,116000
Royal Enfield Classic 350cc,BS IV,130000
Royal Enfield Classic 350cc,BS IV,98000
Royal Enfield Classic 350cc,BS IV,85000
Royal Enfield Himalayan 410cc,BS IV,110000
Royal Enfield Himalayan 410cc Fi ABS,BS IV,173300
Bajaj V15 150cc,BS IV,50000
Royal Enfield Thunderbird 350cc,BS IV,100000
Royal Enfield Thunderbird 350cc,BS IV,66000
Royal Enfield Bullet Electra 350cc,BS IV,77000
Royal Enfield Classic 350cc,BS IV,92500
Bajaj Pulsar NS200,BS IV,57000
Royal Enfield Electra 350cc,BS IV,72500
Honda X-Blade 160cc,BS IV,80000
Royal Enfield Classic 350cc,BS IV,123600
Suzuki Hayabusa 1300cc,BS IV,950000
Royal Enfield Classic 350cc,BS IV,107000
Ducati Monster 821 Dark,BS IV,600000
Yamaha FZ S V 2.0 150cc Rear Disc,BS IV,80000
Suzuki Gixxer SF 150cc Special MOTOGP Edition Rear Disc,BS IV,75000
Hero Super Splendor 125cc,BS IV,43778
KTM RC 200cc,BS IV,118000
Yamaha FZ V 2.0 150cc,BS IV,68000
Bajaj Discover 125ST,BS IV,27000
Hero Splendor Plus Kick Alloy 100cc,BS IV,48500
Hero Karizma 223cc,BS IV,15000
KTM Duke 200cc,BS IV,95000
KTM Duke 200cc,BS IV,145000
Yamaha FZs 150cc,BS IV,62000
Hero Splendor 100cc,BS IV,25000
Ducati 1198 SP 1198cc,BS IV,700000
Royal Enfield Bullet 500cc,BS IV,160000
Bajaj Avenger Street 220,BS IV,47500
Yamaha Fazer 150cc,BS IV,21000
Yamaha Gladiator 125cc,BS IV,18000
Hero Karizma R 223cc,BS IV,36000
Yamaha FZ 150cc,BS IV,52000
Harley-Davidson Iron 883,BS IV,435000
TVS Apache RTR 200 4V Fi,BS IV,68000
Bajaj Pulsar 220cc,BS IV,80000
Royal Enfield Classic Desert Storm 500cc,BS IV,110800
TVS Apache RTR 160 4V DISC ABS BS6,BS IV,85000
Royal Enfield Electra 350cc,BS IV,145000
Bajaj Dominar 400 ABS,BS IV,145000
Royal Enfield Classic Gunmetal Grey 350cc,BS IV,149000
Hero HF Deluxe i3s iBS 100cc,BS IV,60000
Royal Enfield Classic 350cc,BS IV,140000
KTM Duke 200cc,BS IV,85000
Bajaj Pulsar 220cc,BS IV,86000
Royal Enfield Bullet Electra 350cc,BS IV,115000
Suzuki Gixxer SF Fi 150cc ABS,BS IV,83000
KTM Duke 200cc,BS IV,85000
Bajaj Pulsar 220cc,BS IV,86000
Royal Enfield Bullet Electra 350cc,BS IV,115000
Suzuki Gixxer SF Fi 150cc ABS,BS IV,83000
Bajaj Pulsar 180cc,BS IV,28000
Hero Splendor Plus 100cc,BS IV,14500
Hero Splendor iSmart 110cc,BS IV,32000
Bajaj Pulsar 180cc,BS IV,62500
Yamaha YZF-R15 V3 150cc,BS IV,122500
Bajaj Platina 100cc,BS IV,24500
TVS Apache RTR 200 4V FI,BS IV,78500
Royal Enfield Bullet Twinspark 350cc,BS IV,102500
TVS Star City 110cc,BS IV,28000
Royal Enfield Classic 350cc,BS IV,130000
Royal Enfield Classic 350cc,BS IV,130000
Bajaj Dominar 400,BS IV,115000
KTM RC 200cc,BS 6,96000
Bajaj Platina  Alloy ES-100cc,BS 6,29500
Yamaha YZF-R15 2.0 150cc,BS 6,100000
Royal Enfield Himalayan 410cc Fi ABS,BS 6,177982
Royal Enfield Himalayan 410cc Fi ABS,BS 6,202000
Suzuki Hayabusa 1300cc,BS IV,950000
KTM RC 200cc,BS IV,113000
Bajaj Avenger Street 220,BS IV,45400
Royal Enfield Classic 350cc,BS IV,105000
Ducati Panigale 959,BS IV,885000
Yamaha FZs 150cc,BS IV,30000
Bajaj Platina 100cc,BS IV,22000
Royal Enfield Classic 350cc-Redditch Edition,BS IV,115000
Bajaj V15 150cc,BS IV,55000
Bajaj Discover 125ST,BS IV,20000
Hero Splendor iSmart 110cc,BS IV,56000
TVS Sport 100cc,BS 6,28000
Hero Super Splendor 125cc,BS 6,44000
Bajaj Dominar 400 ABS,BS IV,190000
Royal Enfield Bullet Electra 350cc,BS IV,78000
Honda CBF Stunner 125cc,BS IV,18787
Bajaj Pulsar AS200,,51500
Bajaj Avenger 220cc,BS IV,54200
Royal Enfield Classic Desert Storm 500cc Dual Disc,BS IV,175000
Bajaj Avenger 220cc,,48000
Honda Livo 110cc,BS IV,40000
Bajaj Dominar 400 ABS,BS IV,102400
Yamaha FZ V 2.0 150cc,BS IV,65000
KTM RC 390cc,BS IV,170000
Bajaj Pulsar 150cc,BS IV,12999
KTM Duke 200cc,BS IV,87000
Bajaj Avenger 220cc,BS IV,45600
Bajaj Pulsar 180cc,BS IV,42000
Bajaj Pulsar NS200,BS IV,47000
Bajaj Discover 100M,BS IV,31000
Suzuki Gixxer SF 150cc SP Rear Disc,BS IV,72500
Suzuki Gixxer 150cc,BS IV,80999
Bajaj Pulsar RS200,BS IV,85000
TVS Apache RTR 160cc,BS IV,60000
Bajaj Dominar 400 ABS,BS IV,148999
Bajaj V15 150cc,BS IV,49000
Hero Passion Pro 100cc,BS IV,30000
KTM RC 200cc,BS IV,140000
KTM RC 390cc,BS IV,237818
Hero Splendor iSmart 110cc,BS IV,56000
TVS Sport 100cc,BS IV,28000
Yamaha SZ-RR 150cc,BS IV,23600
Royal Enfield Thunderbird 500cc,BS IV,100000
KTM RC 200cc,BS IV,160700
Royal Enfield Bullet Electra Twinspark 350cc,BS IV,78000
Bajaj V15 150cc,BS IV,45000
Royal Enfield‎ Bullet 350cc,BS IV,60000
KTM RC 200cc,BS 6,150000
Bajaj Discover 150F Disc,BS IV,37000
Royal Enfield Classic 350cc,BS IV,125000
Bajaj Pulsar RS200,BS IV,70000
Bajaj Pulsar 220cc,BS 6,40000
Yamaha Saluto 125cc Disc Special Edition,BS 6,62000
Royal Enfield Interceptor 650cc,BS 6,280000
Bajaj V15 150cc,BS 6,44000
Royal Enfield Thunderbird 350cc,BS 6,85000
Bajaj Avenger Cruise 220,BS IV,51000
Bajaj Avenger Street 220,BS IV,75000
KTM RC 390cc,BS IV,160000
Bajaj Pulsar NS200,BS IV,106000
Triumph Street Triple ABS 675cc,BS IV,599999
Honda CBR 250R ABS,BS IV,85000
Hero Splendor Plus 100cc,BS 6,31500
Hyosung Aquila GV250,BS 6,150000
Jawa Forty Two 295CC,BS IV,210000
Bajaj V12 125cc,BS IV,50000
Bajaj Discover 100M,BS IV,29300
Bajaj V12 125cc Disc,BS 6,35740
Yamaha FZs 150cc,BS 6,24500
Hero Karizma ZMR 223cc,BS IV,45000
KTM Duke 390cc,BS IV,210000
Bajaj Pulsar RS200,BS IV,70000
Bajaj Discover 150F Disc,BS IV,37000
KTM RC 200cc,BS IV,150000
Royal Enfield Bullet Electra 350cc,BS IV,71000
Royal Enfield Thunderbird 500cc,BS IV,100000
KTM RC 200cc,BS IV,160700
Royal Enfield Bullet Electra Twinspark 350cc,BS IV,78000
Bajaj V15 150cc,BS IV,45000
Yamaha Fazer 25 250cc,BS IV,80400
Royal Enfield Classic 350cc,BS 6,135000
Harley-Davidson Street 750,BS IV,350000
Hero Karizma ZMR 223cc,BS IV,57000
Hero Xpulse 200T,BS IV,76000
Bajaj Pulsar 150cc,BS IV,42100
Yamaha YZF-R15 S 150cc,BS IV,73000
Benelli 302R 300CC,BS IV,366000
Honda CB Hornet 160R CBS,BS IV,61200
Royal Enfield Bullet Electra 350cc,BS IV,82000
Royal Enfield Classic 350cc,BS IV,120000
Bajaj Pulsar 220cc,BS IV,40000
TVS Apache RTR 160 4V Disc,BS 6,80000
Suzuki Gixxer 150cc SP ABS,BS 6,81800
Bajaj Avenger 220cc,BS 6,45900
Royal Enfield Classic 350cc,BS 6,125000
Bajaj Pulsar NS200,BS 6,86200
Hero Splendor Plus Kick Alloy 100cc,BS 6,40000
Hero Hunk 150cc,BS 6,10000
Hyosung Aquila GV250,BS IV,155000
Bajaj Pulsar NS200,BS IV,46000
KTM RC 390cc,BS IV,215000
Royal Enfield‎ Bullet 350cc,BS IV,60000
Honda Dream Yuga 110cc,BS IV,23000
Bajaj Avenger Cruise 220,BS IV,55250
Hero Passion Xpro 110cc,BS 6,58000
Yamaha FZ S V 2.0 150cc Rear Disc,BS 6,66000
Hero Karizma ZMR 223cc,BS 6,55000
Royal Enfield Classic 500cc,BS IV,89730
Royal Enfield Classic 350cc,BS 6,108000
Yamaha YZF-R3 320cc ABS,BS IV,314100
Royal Enfield Bullet 350 cc,BS IV,125000
Hero HF Deluxe 100cc,BS IV,18800
Harley-Davidson Street 750,BS IV,417000
Bajaj Dominar 400 ABS,BS IV,105000
Honda CB Twister 110cc,BS IV,20000
Royal Enfield Classic 350cc,BS IV,88000
Bajaj Pulsar 125cc Disc CBS,BS IV,47000
Bajaj Avenger Street 220,BS IV,95000
Yamaha YZF-R15 V3 150cc,BS IV,108000
KTM Duke 390cc,BS IV,186100
Honda CB Shine 125cc Drum BS6,BS IV,81500
Bajaj CT 100 100cc,BS IV,20000
Bajaj Pulsar 150cc,BS IV,15000
Bajaj V15 150cc,,39000
Royal Enfield Classic 350cc,BS IV,102500
Royal Enfield Classic 350cc,BS IV,87000
Bajaj Dominar 400 ABS,BS IV,118000
Royal Enfield Classic 350cc,BS IV,131100
Honda CBR 250R ABS,BS IV,85000
Royal Enfield Classic 350cc,BS 6,108000
Royal Enfield Classic 350cc,BS IV,131100
Honda CB Hornet 160R STD,BS 6,42000
Honda Dream Neo 110cc,BS 6,45000
Royal Enfield Classic 350cc,BS IV,87000
Royal Enfield Classic 350cc,BS IV,102500
BMW G 310 R,BS 6,255000
TVS Apache RTR 160 4V Disc,BS 6,78700
Honda CBR 250R,BS 6,62800
Bajaj Pulsar AS150,BS 6,35000
Bajaj V15 150cc,BS 6,33800
Kawasaki Ninja 250cc,BS 6,125000
Royal Enfield Himalayan 410cc,BS 6,146000
Benelli TNT 899,BS 6,569400
Indian Chief Classic 1800cc,BS 6,1900000
Kawasaki Ninja 650cc,BS 6,600000
KTM RC 200cc,BS 6,185000
Hero Passion Pro 100cc,BS 6,32000
Hero Super Splendor 125cc,BS 6,38000
Bajaj V15 150cc,BS 6,35000
Hero Achiever 150cc,BS 6,42000
TVS Apache 150cc,BS 6,9350
Kawasaki ER-6n 650cc,BS 6,330000
Hero HF Deluxe Self 100cc,BS 6,36500
Hero Splendor Plus 100cc,BS 6,38000
Royal Enfield Standard 350cc,BS 6,75000
BMW G 310 R,BS 6,255000
Honda CB Hornet 160R STD,BS 6,42000
Benelli TNT 300,BS 6,230000
TVS Apache RTR 160cc,BS 6,31500
Bajaj Pulsar AS150,BS 6,35000
Honda CBR 250R,BS 6,62800
Royal Enfield Thunderbird 350cc,BS 6,46000
Royal Enfield Classic 350cc,BS 6,109900
TVS Apache 150cc,BS 6,9350
Bajaj V15 150cc,BS IV,35000
Bajaj Pulsar NS160,BS IV,65000
Jawa Forty Two 295CC,BS IV,175000
Royal Enfield Classic 350cc,BS IV,126000
Honda CB Shine 125cc,BS IV,25000
Honda CB Unicorn 150cc,BS IV,89000
Royal Enfield Classic Gunmetal Grey 350cc ABS,BS IV,160000
Bajaj Pulsar RS200 ABS,BS IV,130000
Honda CB Shine 125cc,BS IV,33500
Yamaha YZF-R15 V3 150cc,BS IV,128000
Royal Enfield Classic 350cc,BS IV,143000
Bajaj Pulsar 135LS,BS IV,31000
Suzuki Intruder 150cc,BS IV,72000
TVS Apache RTR 200 4V ABS Race Edition,BS IV,108500
Bajaj Pulsar 220F,BS IV,74500
Bajaj CT 100 B,BS IV,24000
Bajaj Pulsar 220cc,BS IV,80000
Bajaj Pulsar 220cc,BS IV,81000
Royal Enfield Classic 350cc,BS IV,115000
Bajaj Pulsar RS200 ABS,BS IV,130000
Honda CB Shine 125cc,BS IV,33500
Yamaha YZF-R15 V3 150cc,BS IV,128000
Royal Enfield Classic 350cc,BS IV,143000
Bajaj Pulsar 135LS,BS IV,31000
Suzuki Intruder 150cc,BS IV,72000
TVS Apache RTR 200 4V ABS Race Edition,BS IV,108500
Bajaj Pulsar 220F,BS IV,74500
Bajaj CT 100 B,BS IV,24000
Bajaj Pulsar 220cc,BS 6,80000
Bajaj Pulsar 220cc,BS 6,81000
Royal Enfield Classic 350cc,BS 6,115000
Hero Passion Pro 110cc Drum,BS 6,56500
Bajaj Pulsar 220cc,BS 6,75000
Yamaha YZF-R15 150cc,BS 6,72000
Suzuki Gixxer 150cc,BS IV,73000
Bajaj Pulsar NS200,BS IV,69500
TVS Apache RTR 160 4V Disc,BS IV,78500
TVS Apache RTR 160 4V DISC ABS,BS IV,87000
TVS Apache RTR 180cc,BS IV,40000
Mahindra Mojo 300cc,BS IV,145000
Royal Enfield Interceptor 650cc,BS 6,265000
Benelli TNT 300,BS IV,235000
Harley-Davidson Street 750,BS 6,400000
Honda CB Twister 110cc,BS 6,30000
KTM RC 200cc,BS 6,140000
Yamaha FZ25 250cc,BS 6,98000
Royal Enfield Thunderbird 350cc,BS 6,74500
TVS Apache RTR 200 4V Carburetor,BS 6,75000
Hero Ignitor Disc 125cc,BS 6,27500
TVS Apache 150cc,BS 6,10200
Bajaj Avenger Street 150,BS 6,57000
TVS Apache RTR 160cc,BS 6,21000
Bajaj Pulsar NS160,BS III,68500
KTM Duke 250cc,BS IV,174500
Royal Enfield Classic 350cc,BS III,108000
Hero Passion Pro 100cc,BS IV,32000
Hero Super Splendor 125cc,BS III,38000
Bajaj V15 150cc,BS IV,35000
TVS Apache RTR 200 4V Carburetor,BS III,75000
Harley-Davidson Street 750,BS III,400000
Suzuki Gixxer SF 150cc SP Rear Disc,BS IV,50000
Royal Enfield Continental GT 535cc,BS IV,118000
Hero Ignitor Disc 125cc,BS III,27500
Hero Glamour Disc 125cc,BS 6,33000
KTM RC 200cc,BS 6,150000
Bajaj Pulsar 220cc,BS 6,70000
Royal Enfield Bullet Electra Twinspark 350cc,BS 6,105000
Bajaj Dominar 400,BS 6,135000
Bajaj Dominar 400 ABS,BS 6,140000
Hero Passion Xpro 110cc,BS IV,26000
KTM RC 390cc,BS IV,230000
Honda CB Shine 125cc,BS IV,53000
Bajaj Avenger Street 150,BS IV,76000
Bajaj Dominar 400,BS IV,135000
Bajaj V12 125cc Disc,BS IV,45000
Bajaj V15 150cc,BS IV,60000
Hero Splendor iSmart 110cc,BS IV,40000
Royal Enfield Classic 350cc,BS IV,133000
Bajaj Discover 100M,BS IV,25000
Suzuki Gixxer SF Fi 150cc,BS IV,99999
Honda CBR 250R ABS,BS 6,130000
Hero HF Dawn 100cc,BS 6,25000
Bajaj Pulsar 220F,BS 6,75000
Bajaj Pulsar 180cc,BS 6,53000
Suzuki Slingshot Plus 125cc,BS 6,25000
Bajaj Pulsar 150cc,BS 6,46500
Mahindra Centuro Rockstar 110cc,BS 6,18999
Mahindra Centuro 110cc,BS 6,17800
Bajaj Pulsar 180cc,BS 6,52000
Honda CB Hornet 160R Special Edition STD,BS 6,70000
Yamaha YZF-R15 2.0 150cc,BS 6,85000
Royal Enfield Classic 350cc,BS 6,150000
Royal Enfield Classic 350cc,BS 6,115000
Honda CBR 150R 150cc,BS 6,93200
KTM Duke 390cc,BS 6,155000
Bajaj Pulsar RS200 ABS,BS 6,78000
Royal Enfield Thunderbird 350cc,BS 6,85000
Bajaj Pulsar 150cc,BS 6,43000
TVS Apache RTR 160cc,BS 6,50390
Royal Enfield Classic Chrome 500cc,BS 6,128700
Harley-Davidson Street Rod XG750A ABS,BS III,510000
Yamaha FZ S V 2.0 150cc,BS III,65000
Honda CBR 150R 150cc,BS IV,55000
Royal Enfield Bullet Electra Twinspark 350cc,BS IV,126000
Hero Splendor Plus IBS i3S 100cc,BS IV,53300
Bajaj Pulsar NS200,BS IV,76000
Bajaj Dominar 400 ABS,BS IV,140000
Bajaj Discover 135cc,BS IV,13600
TVS Apache RTR 180cc,BS IV,73000
Bajaj Discover 125cc,BS IV,17000
Bajaj Discover 150cc,BS IV,29000
Suzuki Gixxer SF 150cc,BS IV,49000
Harley-Davidson Street 750,BS IV,371100
Bajaj Discover 100M,BS IV,30000
Bajaj Avenger Street 150,BS IV,70000
Royal Enfield Classic 350cc,BS 6,131000
Bajaj Pulsar NS160,BS 6,65000
Hero Splendor Plus IBS i3S 100cc,BS 6,65000
Royal Enfield Bullet Electra 350cc,BS 6,96000
Bajaj Pulsar 150cc,BS 6,28500
Bajaj Pulsar NS200,BS 6,62400
Royal Enfield Bullet Electra 350cc,BS 6,85000
Bajaj Pulsar 150cc,BS 6,66000
TVS Apache RTR 160 4V DRUM ABS,BS 6,85000
Bajaj Discover 135cc,BS 6,18551
TVS Apache RTR 200 4V ABS Race Edition,BS 6,95000
Bajaj Dominar 400 ABS,BS 6,130000
Royal Enfield Classic 350cc,BS 6,98000
Honda Livo 110cc,BS 6,53400
Bajaj Pulsar RS200 ABS,BS 6,120000
Honda CB Unicorn 160 CBS,BS 6,58000
Yamaha YZF-R15 2.0 150cc,BS 6,97000
Bajaj Platina  Alloy ES-100cc,BS 6,38000
Bajaj Discover 125cc,BS 6,24500
KTM Duke 125cc,BS 6,129000
Bajaj Boxer BM150,BS 6,20000
Royal Enfield Classic 350cc,BS 6,123000
Royal Enfield Bullet Electra 350cc,BS 6,62000
Yamaha YZF-R15 2.0 150cc,BS 6,82000
Honda CB Shine 125cc,BS IV,24500
Yamaha FZ S V 2.0 150cc Rear Disc,BS IV,59300
Hero Glamour 125cc,BS IV,41000
Yamaha FZ S V 2.0 150cc,BS IV,80000
Royal Enfield Classic 500cc,BS IV,93500
Honda CBR 250R ABS,BS IV,130000
KTM Duke 390cc,BS IV,155000
Bajaj Pulsar 220F,BS IV,75000
Suzuki Slingshot Plus 125cc,BS IV,25000
Bajaj Pulsar 180cc,BS IV,53000
TVS Apache RTR 160cc,BS III,50390
Honda CBR 150R 150cc,BS IV,93200
Honda CBR 150R 150cc,BS IV,55000
Bajaj V15 150cc,BS IV,43000
Yamaha YZF-R15 2.0 150cc,BS IV,82000
Royal Enfield Classic 350cc,BS IV,123000
Royal Enfield Bullet Electra 350cc,BS IV,62000
KTM RC 390cc,BS IV,150000
Bajaj Discover 100cc,BS IV,22500
Yamaha FZ S V 2.0 150cc Rear Disc,BS IV,59300
Bajaj Avenger Street 180,BS IV,69000
Bajaj Discover 125cc,BS IV,24500
Bajaj Pulsar NS200,BS IV,75800
Hero Glamour 125cc,BS IV,41000
Yamaha FZ S V 2.0 150cc,BS 6,80000
Royal Enfield Classic 500cc,BS 6,93500
KTM Duke 125cc,BS 6,129000
Honda CB Shine 125cc,BS 6,24500
TVS Star City Plus 110cc,BS 6,30000
Benelli TNT 300,BS 6,225000
Harley-Davidson Street 750,BS 6,355000
TVS Apache RTR 160cc,BS 6,58000
Bajaj Avenger Street 150,BS 6,60000
Suzuki Intruder 150cc,BS 6,75200
Royal Enfield Classic 350cc,BS 6,130000
Bajaj Pulsar 180cc,BS 6,26900
KTM Duke 200cc,BS IV,145000
KTM RC 390cc,BS IV,154000
Harley-Davidson Street 750,BS IV,350000
Royal Enfield Classic 350cc,BS IV,105000
BMW G 310 R,BS IV,260000
Royal Enfield Bullet Electra 350cc,BS IV,89900
Hero Passion Pro 100cc,BS IV,25000
KTM Duke 390cc,BS IV,220000
KTM RC 390cc,BS IV,150000
Honda CBR 150R 150cc,BS IV,60000
Royal Enfield Thunderbird 500cc,BS IV,110000
Honda CB Trigger 150cc,BS IV,42000
Yamaha YZF-R15 150cc,BS IV,106000
Bajaj Pulsar 150cc,BS IV,34000
Honda CB Hornet 160R CBS,BS IV,55000
Kawasaki Ninja 650 KRT Edition,BS IV,526300
Bajaj Platina 100cc ComforTec Alloy,BS IV,41000
Royal Enfield Thunderbird 500cc,BS IV,110000
Honda CB Trigger 150cc,BS IV,42000
Harley-Davidson Street 750,BS IV,350000
Royal Enfield Classic 350cc,BS IV,105000
Benelli TNT R 1130cc,BS IV,785000
Honda CB Shine 125cc,BS 6,22000
KTM Duke 390cc,BS 6,165147
Royal Enfield Classic 350cc,BS 6,90000
KTM RC 200cc,BS 6,140000
Honda CB Unicorn Dazzler 150cc,BS 6,16800
Royal Enfield Thunderbird 350cc,BS 6,70000
Suzuki Gixxer SF 150cc,BS 6,58000
Hero Splendor Plus 100cc,BS 6,32000
Hyosung GT650R,BS 6,230000
TVS Apache RTR 160 4V DISC ABS,BS 6,91800
Royal Enfield Classic Chrome 500cc,BS 6,119000
Hero Splendor Plus 100cc,BS IV,23000
KTM Duke 390cc,BS IV,210000
Bajaj Avenger Street 150,BS IV,43000
Bajaj Pulsar 220F,BS IV,45000
Hero Passion Pro 100cc,BS IV,42000
Benelli TNT 600 GT,BS IV,440000
KTM Duke 200cc,BS IV,72250
Honda CBF Stunner 125cc,BS IV,18200
Harley-Davidson Street 750,BS IV,355000
Benelli TNT 300,BS IV,225000
Yamaha YZF-R15 150cc,BS IV,106000
TVS Apache RTR 160cc,BS IV,58000
Hyosung GT650R,BS IV,395000
Hyosung GT250R,BS IV,140000
Yamaha YZF-R1 1000cc,BS IV,700000
Hero Xtreme 200R,BS IV,72000
Yamaha FZ16 150cc,BS IV,18000
Ducati Diavel 1200cc,BS IV,1000000
Triumph Speed Triple 1050cc,BS IV,750000
Honda CB Unicorn 150cc,BS IV,29000
Royal Enfield Classic 350cc,BS IV,120000
Suzuki Hayabusa 1300cc,BS VI,1260000
Indian Scout Bobber 1130cc,BS VI,700000
Bajaj V15 150cc POWER UP,BS VI,35000
Royal Enfield Classic 350cc,BS IV,115000
Hero Passion Pro 100cc,BS IV,25000
Royal Enfield Classic Gunmetal Grey 350cc,BS IV,143500
Royal Enfield Classic 350cc,BS IV,118000
Royal Enfield Classic 350cc,BS IV,129500
Yamaha FZ25 ABS 250cc,BS IV,138000
Bajaj Avenger 220cc,BS IV,63000
Jawa Standard 295CC,BS IV,200000
Yamaha FZs 150cc,BS IV,77500
Royal Enfield Classic 350cc,BS IV,99000
Bajaj Platina 100cc,BS IV,27000
Bajaj Avenger 220cc,BS IV,44000
Bajaj Pulsar 150cc,BS IV,28000
Yamaha SZR 150cc,BS IV,22000
Bajaj Platina 100cc,BS IV,19000
KTM RC 200cc,BS IV,126999
TVS Star Sport 100cc,BS IV,25000
Bajaj Pulsar NS200 ABS,BS 6,90000
Honda CB Hornet 160R STD,BS 6,89000
Bajaj Pulsar 150cc,BS 6,47000
Bajaj Dominar 400 ABS,BS 6,119500
Royal Enfield Classic 350cc,BS IV,130000
Bajaj Avenger Street 220,BS IV,62000
Bajaj Avenger Street 180,BS IV,70000
Bajaj Discover 100M,BS IV,31000
Bajaj CT 100 100cc,BS IV,41500
Hero Splendor Plus Self Alloy 100cc,BS IV,52500
TVS Apache RTR 160cc,BS IV,36000
Honda CB Shine 125cc,BS IV,40000
Royal Enfield Classic Gunmetal Grey 350cc,BS IV,143500
Royal Enfield Classic 350cc,BS IV,118000
Royal Enfield Classic 350cc,BS IV,129500
Yamaha FZ25 ABS 250cc,BS IV,138000
Bajaj Avenger 220cc,BS IV,63000
Jawa Standard 295CC,BS IV,200000
Yamaha FZs 150cc,BS IV,77500
Royal Enfield Classic 350cc,BS IV,99000
Bajaj Platina 100cc,BS IV,27000
Bajaj Avenger 220cc,BS IV,44000
Hyosung Aquila 250 250cc,BS IV,160000
Kawasaki Z650,BS IV,470000
Yamaha YZF-R1 1000cc,BS IV,700000
Royal Enfield Classic 350cc,BS IV,115000
Honda CB Unicorn 150cc,BS IV,29000
TVS Apache RTR 160 4V DISC ABS,BS IV,89000
Bajaj Pulsar 150cc,BS IV,34000
Yamaha YZF-R15 V3 150cc,BS IV,112000
Honda CB Trigger 150cc,BS IV,27000
Hero Passion Pro 100cc,BS IV,25000
Suzuki Gixxer SF 150cc,BS IV,39100
Bajaj Pulsar 220F,BS IV,58500
Royal Enfield Classic 350cc,BS IV,126000
Hero Hunk 150cc,BS IV,45000
Bajaj V15 150cc,BS IV,48000
Bajaj V15 150cc,BS IV,44800
Bajaj Discover 135cc,BS IV,20300
Bajaj Avenger Street 150,BS IV,62000
Hero Karizma ZMR 223cc,BS IV,45000
Bajaj V15 150cc,BS IV,45000
Hero CD Dawn 100cc,BS IV,16000
Honda CB Trigger 150cc,BS IV,43300
Royal Enfield Classic 500cc,BS IV,135000
TVS Apache RTR 200 4V Fi,BS IV,70000
Hero Karizma ZMR 223cc,BS IV,75700
Royal Enfield Thunderbird 500cc,BS IV,110000
Bajaj Pulsar RS200 ABS,BS IV,95000
Yamaha FZ16 150cc,BS IV,28000
Royal Enfield Classic 350cc,,113000
Honda CB Trigger 150cc,,40000
Honda Dream Yuga 110cc,,24000
Bajaj Pulsar RS200 ABS,BS IV,101300
Hero Ignitor Disc 125cc,BS IV,28000
Bajaj V15 150cc,BS IV,57000
Bajaj Pulsar RS200,BS IV,89100
Royal Enfield Bullet Twinspark 350cc,BS IV,108000
TVS Apache RTR 200 4V ABS,BS IV,93000
Bajaj Avenger Street 150,BS IV,54000
Royal Enfield Bullet Electra Twinspark 350cc,BS VI,119000
Hero Passion 100cc,BS IV,21100
Bajaj Avenger Street 220,BS VI,75000
Bajaj Pulsar 135LS,BS VI,22000
Bajaj Pulsar NS200,BS VI,79999
Suzuki Gixxer SF Fi 150cc,BS VI,85000
Suzuki Gixxer 150cc,BS VI,52200
Bajaj V15 150cc,BS IV,48000
Royal Enfield Classic 350cc,BS IV,120000
Royal Enfield Classic 350cc,BS VI,120000
Hero CD Deluxe 100cc,BS VI,29500
Hero Splendor Plus Self Alloy 100cc,BS VI,51300
Hero Passion Pro 100cc,BS VI,35242
Bajaj Avenger 220cc,BS VI,65000
KTM RC 200cc,BS VI,110000
Bajaj Pulsar AS200,BS VI,70000
Bajaj Avenger Cruise 220,BS 6,68000
Hero Passion Xpro 110cc,BS 6,30000
TVS Sport 100cc,BS 6,30000
Yamaha FZ25 250cc,BS 6,108000
Bajaj Dominar 400 ABS,BS 6,150000
Royal Enfield Thunderbird 500cc,BS 6,174600
Honda CB Trigger 150cc,BS 6,33000
Bajaj Pulsar RS200,BS 6,91500
Bajaj Pulsar RS200,BS 6,94500
Bajaj Pulsar RS200,BS IV,80000
Suzuki Intruder SP 150cc,BS 6,90000
Bajaj Discover 125ST,BS 6,26900
Royal Enfield Bullet Electra 350cc,BS 6,72378
Royal Enfield Bullet Twinspark 350cc,BS 6,110000
Bajaj Discover 100cc,BS 6,17500
Yamaha YZF-R3 320cc,BS 6,308000
Bajaj Dominar 400 ABS,BS 6,150800
Bajaj Pulsar 150cc,BS 6,55000
Bajaj Pulsar RS200 ABS,BS 6,110000
Royal Enfield Classic 500cc,BS 6,120000
TVS Apache RR310,BS 6,199999
Yamaha YZF-R15 2.0 150cc,BS IV,58000
Hero Passion Xpro 110cc,BS IV,32000
Bajaj Discover 150cc,BS IV,31500
Bajaj Discover 150cc,BS IV,21000
Hero Passion Plus 100cc,BS IV,20000
Honda CB Shine 125cc,BS IV,52000
TVS Apache RTR 200 4V ABS,BS 6,90000
Royal Enfield Classic 350cc-Redditch Edition Dual Disc,BS 6,154900
Royal Enfield Thunderbird 350cc,BS 6,125000
Yamaha YZF-R15 V3 150cc,BS 6,95000
Bajaj V15 150cc,BS 6,51900
TVS Apache RTR 160cc,BS 6,40000
Bajaj Dominar 400 ABS,BS 6,130000
Honda CBR 150R 150cc,BS 6,60000
Royal Enfield Classic 350cc,BS 6,133600
Honda CB Shine 125cc,BS 6,28000
Hero Splendor Plus 100cc,BS 6,20600
Royal Enfield Classic 350cc,BS 6,112000
TVS Apache RTR 160cc,BS IV,55000
Honda Livo 110cc,BS IV,40000
Hero CBZ 150cc,BS IV,21000
Suzuki Gixxer SF Fi 150cc,BS IV,84000
KTM Duke 390cc,BS IV,160000
TVS Apache RTR 160 4V Disc,BS IV,74700
Yamaha FZS FI 150cc,BS IV,48600
Honda CB Unicorn 160 STD,BS IV,39300
Suzuki GS 150 R 150cc,BS IV,26900
Royal Enfield Machismo 500cc,BS IV,100000
Yamaha FZ25 250cc,BS IV,85000
Hero CBZ Xtreme 150cc,BS IV,30000
Yamaha SZ RR V 2.0 150cc,BS IV,61000
Yamaha YZF-R15 2.0 150cc,BS IV,69825
Royal Enfield Bullet Electra Twinspark 350cc,BS IV,85000
Bajaj Discover 135cc,BS IV,20000
Hero CBZ Xtreme 150cc,BS IV,23500
Suzuki Gixxer 150cc,BS IV,60000
Yamaha YZF-R15 2.0 150cc,BS IV,75000
Royal Enfield Classic 500cc,BS IV,120000
TVS Apache RR310,BS IV,199999
Yamaha YZF-R15 2.0 150cc,BS 6,58000
Bajaj Discover 150cc,BS IV,21000
Hero Passion Plus 100cc,BS IV,20000
Honda CB Shine 125cc,BS IV,52000
Yamaha FZ S V 2.0 150cc-Ltd. Edition,BS IV,68900
TVS Apache RTR 200 4V Fi,BS 6,59999
Yamaha FZ V 2.0 150cc,BS IV,65000
Hyosung GT250R,BS IV,183000
TVS Apache RTR 180cc ABS,BS 6,66400
Honda CB Shine 125cc,BS 6,31500
Royal Enfield Classic 350cc,BS 6,130000
Bajaj Pulsar RS200 ABS,BS IV,100000
TVS Apache RTR 160cc,BS IV,26500
Hero Honda Splendor 100cc,BS IV,23000
Hero Xtreme 200R,BS IV,66000
Yamaha YZF-R15 2.0 150cc,BS IV,75000
KTM RC 200cc ABS,BS 6,170000
Bajaj Pulsar 150cc,BS 6,45000
Honda Dream Neo 110cc,BS 6,36500
TVS Apache RTR 160cc,BS 6,40200
Bajaj Discover 150cc,BS IV,16000
Bajaj Discover 135cc,BS IV,19784
Yamaha YZF-R15 V3 150cc,BS IV,110900
Royal Enfield Classic 350cc,BS IV,135000
Honda CB Hornet 160R Special Edition STD,BS IV,72500
Bajaj Platina  Alloy ES-100cc,BS IV,33000
Bajaj Pulsar RS200,BS IV,94300
Bajaj Pulsar 220F,BS IV,22000
Honda CBR 150R Deluxe,BS IV,110000
KTM RC 200cc,BS 6,118000
Bajaj Platina 100cc,BS 6,14800
Royal Enfield Thunderbird 350cc,BS 6,133700
Hero Ignitor 125cc,BS 6,23000
Bajaj Pulsar 200cc,BS 6,20000
Royal Enfield Classic 350cc,BS 6,115000
Bajaj Discover 125ST,BS 6,18500
Bajaj Dominar 400 ABS,BS 6,170000
Royal Enfield Classic 350cc,BS 6,114000
Hero Splendor iSmart 110cc,BS 6,36000
Royal Enfield Thunderbird 350cc,BS IV,98000
Bajaj V15 150cc,BS IV,50000
Bajaj Dominar 400 ABS,BS IV,150800
Bajaj Pulsar 150cc,BS IV,55000
Bajaj Pulsar RS200 ABS,BS IV,110000
Hero Passion Xpro 110cc,BS IV,32000
Bajaj Discover 150cc,BS IV,31500
TVS Apache RTR 200 4V ABS,BS IV,90000
Royal Enfield Classic 350cc-Redditch Edition Dual Disc,BS IV,154900
Royal Enfield Thunderbird 350cc,BS 6,125000
Yamaha YZF-R15 V3 150cc,BS IV,95000
Bajaj V15 150cc,BS IV,51900
TVS Apache RTR 160cc,BS IV,40000
Bajaj Dominar 400 ABS,BS IV,130000
Honda CBR 150R 150cc,BS IV,60000
Royal Enfield Classic 350cc,,133600
Honda CB Shine 125cc,BS IV,28000
Suzuki Gixxer SF Fi 150cc,BS IV,84000
KTM Duke 390cc,BS IV,160000
TVS Apache RTR 160 4V Disc,BS IV,74700
Hero Splendor Plus 100cc,BS IV,20600
Suzuki GS 150 R 150cc,,26900
Royal Enfield Machismo 500cc,BS IV,100000
Yamaha FZ25 250cc,BS IV,85000
Hero CBZ Xtreme 150cc,BS IV,30000
Yamaha SZ RR V 2.0 150cc,BS IV,61000
Yamaha YZF-R15 2.0 150cc,BS IV,69825
Royal Enfield Classic 350cc,BS IV,117000
TVS Star Sport 100cc,BS 6,26000
Royal Enfield Bullet Twinspark 350cc,BS 6,87500
Bajaj Pulsar RS200,BS 6,82000
Hero Ignitor Disc 125cc,BS IV,45000
Bajaj Pulsar 150cc,BS IV,20400
Kawasaki Ninja 300cc,BS IV,355100
Kawasaki Ninja 300 ABS,BS IV,310000
Royal Enfield Classic 350cc,BS IV,120000
Honda CB Shine 125cc,BS IV,52000
Bajaj Pulsar 150cc Rear Disc,BS IV,67000
Royal Enfield Himalayan 410cc Fi ABS,BS IV,180000
Hero Splendor NXG 100cc,BS IV,22000
Honda Dream Yuga 110cc,BS IV,20000
Bajaj Dominar 400 ABS,BS IV,195000
Royal Enfield Thunderbird 350cc,BS IV,101900
Royal Enfield Classic 350cc,BS IV,108000
Honda Livo 110cc,BS IV,40000
Hero CBZ 150cc,BS IV,21000
Yamaha FZS FI 150cc,BS IV,48600
Honda CB Unicorn 160 STD,BS IV,39300
Honda CB Unicorn 160 STD,BS IV,45000
Royal Enfield Thunderbird 500cc,BS IV,90000
KTM RC 390cc,BS 6,150000
Royal Enfield Classic 350cc,BS IV,112000
Hero Achiever Disc 150cc,BS IV,45000
Yamaha SZ-RR 150cc,BS IV,35000
TVS Apache RTR 200 4V ABS,BS IV,90000
TVS Apache RTR 200 4V Carburetor Race Edition 2.0,BS IV,78000
Bajaj Discover 125ST,BS IV,21700
Bajaj Pulsar 150cc,BS IV,21800
Honda CBR 150R 150cc,BS IV,65500
Royal Enfield Thunderbird 350cc ABS,BS 6,175000
KTM Duke 200cc,BS IV,95000
Yamaha YZF-R15 S 150cc,BS IV,89025
Royal Enfield Thunderbird 500cc,BS IV,140000
KTM Duke 125cc,BS IV,145000
Royal Enfield Bullet Twinspark 350cc,BS IV,108000
TVS Apache RTR 200 4V ABS,BS IV,93000
Bajaj Avenger Street 150,BS IV,54000
Bajaj Pulsar AS150,BS IV,63647
KTM Duke 200cc,BS IV,90000
Royal Enfield Thunderbird 350cc,BS IV,89000
Bajaj V15 150cc,BS IV,44000
Royal Enfield Classic 500cc,BS IV,82000
Harley-Davidson Street 750 ABS,BS IV,386000
Hero CBZ Xtreme 150cc,BS IV,19000
Bajaj V15 150cc,BS IV,52000
Yamaha FZ25 250cc,BS IV,115204
KTM RC 390cc,BS IV,147000
Bajaj Pulsar 150cc Rear Disc ABS,BS IV,85000
Bajaj Discover 125ST,BS IV,33000
Hero Passion Pro 100cc,BS IV,18600
Bajaj Discover 100cc,BS IV,20000
Royal Enfield Classic 350cc,BS IV,120000
Hero CD Deluxe 100cc,BS IV,29500
Hero Splendor Plus Self Alloy 100cc,BS IV,51300
Hero Passion Pro 100cc,BS IV,35242
Bajaj Avenger 220cc,BS IV,65000
Bajaj Pulsar NS160,BS IV,48000
Royal Enfield Bullet Electra Twinspark 350cc,BS IV,119000
Hero Passion 100cc,BS IV,21100
Suzuki Gixxer 150cc,BS IV,52200
Bajaj V15 150cc,BS IV,48000
Royal Enfield Classic 350cc,BS IV,120000
Bajaj Pulsar 135LS,BS 6,22000
Royal Enfield Classic 350cc,BS 6,101500
Yamaha YZF-R15 2.0 150cc,BS 6,61400
KTM RC 200cc,BS 6,110000
Bajaj Pulsar AS200,BS 6,70000
Bajaj Avenger Cruise 220,BS 6,68000
Hero Passion Xpro 110cc,BS 6,30000
TVS Sport 100cc,BS 6,30000
Yamaha FZ25 250cc,BS 6,108000
Bajaj Dominar 400 ABS,BS IV,150000
Royal Enfield Thunderbird 500cc,BS IV,174600
Honda CB Trigger 150cc,BS IV,33000
Royal Enfield Classic Chrome 500cc,BS IV,140000
Yamaha FZs 150cc,BS IV,27800
KTM Duke 250cc ABS,BS IV,175000
Royal Enfield Bullet Twinspark 350cc,BS IV,110000
Harley-Davidson Street 750,BS IV,380000
Bajaj Pulsar 200 NS 200cc,BS IV,53200
Honda CBR 250R,BS IV,65000
Bajaj Avenger Cruise 220,BS IV,69600
Bajaj Pulsar 220cc,BS IV,72000
TVS Apache RTR 200 4V Fi,BS IV,70000
Hero Karizma ZMR 223cc,BS IV,75700
Bajaj Pulsar RS200 ABS,BS IV,95000
Yamaha FZ16 150cc,BS IV,28000
Royal Enfield Classic 350cc,BS 6,113000
Honda CB Trigger 150cc,BS 6,40000
Bajaj Pulsar RS200 ABS,BS 6,101300
Honda Dream Yuga 110cc,BS 6,24000
Hero Ignitor Disc 125cc,BS 6,28000
Bajaj V15 150cc,BS 6,57000
Mahindra Mojo Tourer Edition 300cc,BS IV,175000
Hero Passion Pro 100cc,BS IV,35000
TVS Star Sport 100cc,BS IV,22900
Bajaj Pulsar RS200,BS 6,89100
Yamaha Gladiator 125cc,BS IV,19000
KTM RC 390cc,BS IV,213300
Royal Enfield Classic 350cc,BS IV,115700
Hero Splendor iSmart 110cc,BS IV,45000
KTM Duke 390cc,BS IV,200000
KTM Duke 390cc,BS IV,210000
Yamaha YZF-R15 2.0 150cc,BS IV,78000
Mahindra Mojo 300cc,BS IV,115000
Honda CBR 150R 150cc,BS IV,60000
Royal Enfield Bullet Electra Twinspark 350cc,BS IV,85000
Bajaj Discover 135cc,BS IV,20000
Bajaj V15 150cc,BS IV,41000
Bajaj Pulsar 180cc,BS IV,35000
Bajaj Pulsar 220cc,BS IV,65000
Bajaj Pulsar RS200,BS IV,110000
Royal Enfield Classic 350cc,BS IV,110000
Hero Karizma R 223cc,BS IV,27000
Honda Dream Yuga 110cc,BS IV,26000
Hero Passion Pro i3S Alloy 100cc,BS IV,30100
Hero Passion Plus 100cc,BS IV,10669
Hero Splendor Plus 100cc,BS IV,23500
Honda CB Shine 125cc,BS IV,37000
Bajaj Pulsar RS200,BS IV,90000
Royal Enfield Thunderbird X 350cc ABS,BS IV,155000
Bajaj Pulsar NS 200,BS IV,41300
TVS Apache RTR 160cc,BS IV,43000
Hero Xtreme 150cc,BS IV,25300
Bajaj Pulsar NS160,BS IV,65000
Bajaj Pulsar RS200 ABS,BS IV,121700
Bajaj Platina 100cc,BS IV,18000
Hero Karizma R 223cc,BS 6,24300
Bajaj Boxer CT100,BS 6,18000
Bajaj V15 150cc,BS 6,42000
Yamaha FZ25 250cc,BS 6,105000
Yamaha YZF-R15 2.0 150cc,BS 6,60000
Royal Enfield Bullet 350cc,BS 6,99999
Hero Passion Pro 100cc,BS 6,50000
Hero CBZ Xtreme 150cc,BS 6,40000
Bajaj Platina 100cc,BS 6,20500
Hero Splendor iSmart 110cc,BS 6,31000
Bajaj Pulsar 150cc,BS 6,19000
Bajaj Discover 125cc,BS 6,19000
Bajaj Pulsar NS200,BS 6,45000
Bajaj Dominar 400 ABS,BS 6,137000
Bajaj Dominar 400,BS 6,114000
Hero Passion Pro 100cc,BS 6,30000
Bajaj Discover 100cc,BS IV,25000
TVS Sport 100cc,BS IV,34000
Yamaha YZF-R15 V3 150cc,BS IV,115000
Hero Splendor Plus 100cc,BS IV,21000
Bajaj Platina  Alloy ES-100cc,BS IV,30000
Royal Enfield Classic 350cc,BS IV,105000
Royal Enfield Standard 500cc,BS IV,102000
Royal Enfield Classic 350cc,BS IV,90000
Honda CB Shine 125cc,BS IV,30500
Honda Dream Yuga 110cc,BS IV,30000
Bajaj V15 150cc,BS IV,60000
Bajaj Pulsar RS200 ABS,BS IV,80000
Royal Enfield Thunderbird 500cc,BS IV,87550
Hyosung Aquila Pro GV650,BS IV,400000
Hero Splendor iSmart 110cc,BS IV,35000
Bajaj Avenger Street 220,BS IV,55000
Royal Enfield Thunderbird 500cc,BS IV,180000
Royal Enfield Classic 500cc Dual Disc,BS IV,175000
Royal Enfield Thunderbird 500cc,BS IV,155000
Bajaj V15 150cc,BS IV,42000
Royal Enfield Bullet 350cc,BS IV,92200
Royal Enfield Thunderbird 350cc ABS,BS VI,148000
TVS Star City Plus 110cc,BS VI,22918
Bajaj Pulsar 150cc,BS VI,15000
Bajaj Dominar 400,BS 6,110000
Royal Enfield Thunderbird X 350cc,BS 6,160000
Bajaj V15 150cc,BS 6,40000
Hero Splendor Plus 100cc,BS 6,23000
Yamaha Fazer 150cc,BS IV,33000
Bajaj Pulsar AS150,BS IV,45000
Bajaj Pulsar 180cc,BS IV,13500
KTM Duke 200cc,BS IV,61000
TVS Sport 100cc,BS IV,24000
TVS Sport 100cc,BS IV,25000
Honda CB Shine 125cc,BS IV,25600
Honda CBR 150R 150cc,BS IV,70000
Suzuki V-Strom 1000cc,BS IV,699000
Bajaj Avenger Street 150,BS IV,63000
Royal Enfield Thunderbird 350cc ABS,BS IV,155000
Bajaj Dominar 400,BS IV,123100
KTM RC 200cc,BS IV,120000
Yamaha YZF-R15 V3 150cc,BS IV,115600
Royal Enfield Classic 350cc,BS IV,165000
Yamaha FZ16 150cc,BS IV,40000
Bajaj Dominar 400 ABS,BS IV,135000
KTM RC 125CC,BS IV,178000
Bajaj Pulsar RS200 ABS,BS IV,90000
Hero CBZ Xtreme 150cc,BS IV,21000
Bajaj Boxer CT100,BS 6,11000
Bajaj Pulsar RS200,BS 6,88000
KTM RC 125CC,BS 6,178000
Bajaj Pulsar RS200 ABS,BS 6,90000
Benelli TNT 300,BS 6,245500
TVS Apache RTR 160cc,BS 6,57000
Suzuki Gixxer SF 250cc ABS,BS IV,155000
Harley-Davidson 1200 Custom,BS IV,1000000
Honda Dream Yuga 110cc CBS,BS IV,55000
Bajaj Avenger Cruise 220,BS IV,59000
Yamaha FZ16 150cc,BS IV,32000
Honda CB Shine 125cc,BS IV,46000
Yamaha FZs 150cc,BS IV,35273
Hero Splendor Pro 100cc,BS IV,22100
Bajaj V15 150cc,BS 6,38000
Hero Passion Xpro 110cc,BS 6,37000
Suzuki Hayate 110cc,BS 6,31000
Yamaha Fazer FI V 2.0 150cc,BS 6,60000
Bajaj Pulsar AS150,BS 6,65800
Honda CB Hornet 160R CBS,BS IV,60000
Bajaj Pulsar 180cc,BS 6,13500
Bajaj Pulsar NS200,BS 6,85000
Bajaj Pulsar NS200,BS IV,75000
Bajaj Avenger 220cc,BS IV,68000
Royal Enfield Classic 350cc-Redditch Edition,BS IV,86700
Yamaha FZ25 250cc,BS IV,80000
Hero HF Deluxe 100cc,BS IV,32600
Yamaha FZ25 250cc,BS IV,100000
Royal Enfield Thunderbird 350cc,BS 6,110000
Honda CB Unicorn 150cc,BS 6,60000
Hero HF Deluxe 100cc,BS 6,30000
Honda CBR 250R,BS 6,57473
Bajaj Discover 135cc,BS 6,16000
Hero Ignitor 125cc,BS 6,32000
Royal Enfield Classic 350cc,BS 6,99000
Hero CBZ Xtreme 150cc,BS 6,34500
TVS Sport 100cc,BS 6,22000
Bajaj V15 150cc,BS 6,35500
Bajaj V12 125cc,BS IV,35000
Bajaj Avenger 220cc,BS IV,35000
Yamaha FZ V 2.0 150cc,BS IV,35000
Hero Passion Pro 100cc,BS IV,42000
Hero Passion Pro 100cc,BS IV,50000
Hero CBZ Xtreme 150cc,BS IV,40000
Bajaj Pulsar RS200 ABS,BS IV,80000
TVS Victor 110cc Disc,BS IV,33000
TVS Apache RTR 160cc,BS IV,47000
Suzuki Gixxer 150cc,BS IV,41000
Bajaj V12 125cc,BS IV,36000
Hero Passion Pro 100cc,BS IV,30000
Bajaj Discover 100cc,BS IV,25000
TVS Sport 100cc,BS IV,34000
Yamaha YZF-R15 V3 150cc,BS IV,115000
Hero Splendor Plus 100cc,BS IV,21000
Bajaj Platina  Alloy ES-100cc,BS IV,30000
Royal Enfield Classic 350cc,BS IV,105000
Royal Enfield Standard 500cc,BS IV,102000
Royal Enfield Classic 350cc,BS IV,90000
Honda CB Shine 125cc,BS IV,30500
Honda Dream Yuga 110cc,BS IV,30000
Bajaj V15 150cc,BS 6,60000
Bajaj Pulsar RS200,BS 6,110000
Bajaj Pulsar AS150,BS 6,55000
Hero HF Deluxe 100cc,BS 6,32000
TVS Apache RTR 200 4V Carburetor Race Edition 2.0,BS 6,93500
Hero Ignitor 125cc,BS 6,35000
Royal Enfield Classic 350cc,BS 6,110000
Bajaj V15 150cc,BS IV,38700
Yamaha YZF-R15 150cc,BS IV,63000
TVS Apache RTR 200 4V FI,BS IV,67000
Royal Enfield Classic 350cc,BS IV,125000
Royal Enfield Classic 350cc,BS IV,118000
Honda CB Hornet 160R CBS,BS IV,70000
Bajaj Pulsar 220F,BS IV,80000
Royal Enfield Thunderbird X 350cc ABS,BS IV,155000
Hero Splendor iSmart 110cc,BS IV,29000
Bajaj Pulsar 180cc,BS IV,52000
Bajaj Avenger 220cc,BS IV,33085
Hero Karizma R 223cc,BS IV,24300
Honda CB Unicorn 160 CBS,BS IV,29515
Bajaj Dominar 400,BS IV,119000
Royal Enfield Classic 500cc,BS IV,93000
TVS Apache RTR 160cc,BS IV,45000
Royal Enfield Bullet Twinspark 350cc,BS IV,104000
Yamaha FZ S V 2.0 150cc,BS IV,55000
KTM RC 390cc,BS IV,180000
Bajaj Discover 125cc,BS IV,18000
Bajaj Avenger 220cc,BS IV,35000
Royal Enfield Bullet Electra 350cc,BS IV,65000
Honda CB ShineSP 125cc,BS IV,60000
Royal Enfield Classic Stealth Black 500cc,BS IV,152000
Royal Enfield Thunderbird 500cc,BS IV,125000
Bajaj Discover 125M,BS IV,26000
TVS Apache RTR 200 4V Dual Channel ABS BS6,BS IV,130000
Royal Enfield Classic 350cc,BS IV,165000
Bajaj Discover 100cc,BS IV,24999
Bajaj Pulsar NS200,BS IV,79000
Bajaj Pulsar 150cc,BS IV,35000
Mahindra Centuro 110cc,BS IV,35000
TVS Apache RTR 160 4V DISC ABS BS6,BS IV,98000
Royal Enfield Bullet Electra 350cc,BS IV,99999
Bajaj Pulsar RS200,BS IV,75000
Honda CB Shine 125cc,BS IV,25600
Honda CBR 150R 150cc,BS 6,70000
Hero CD Deluxe 100cc,BS 6,15200
Bajaj Avenger 220cc,BS 6,42000
Suzuki V-Strom 1000cc,BS 6,699000
Royal Enfield Thunderbird 350cc ABS,BS 6,155000
Bajaj Dominar 400,BS 6,123100
KTM RC 200cc,BS IV,120000
Yamaha YZF-R15 V3 150cc,BS IV,115600
Honda CB Shine 125cc CBS,BS IV,58000
Bajaj Dominar 400 ABS,,135000
Yamaha FZ16 150cc,BS IV,40000
KTM Duke 125cc,BS IV,108000
Bajaj Avenger Street 150,BS IV,37000
KTM Duke 125cc,BS IV,111300
Yamaha YZF-R15 2.0 150cc,BS IV,72300
Hero Splendor Pro 100cc,BS IV,21000
TVS Apache RTR 200 4V Carburetor,BS IV,68000
Bajaj Avenger Cruise 220,BS IV,60000
Bajaj V12 125cc,BS IV,38000
Bajaj Pulsar 220cc,BS IV,38000
Bajaj Pulsar RS200 ABS,BS IV,80000
BMW G 310 R,BS IV,270000
Royal Enfield Classic 350cc,BS IV,85700
Royal Enfield Thunderbird 500cc,BS IV,98000
Bajaj Pulsar NS 200,BS IV,41000
Suzuki Intruder 150cc,BS 6,70926
TVS Apache RTR 200 4V Carburetor Race Edition 2.0,,78000
Bajaj Discover 125ST,BS IV,21700
Bajaj Pulsar 150cc,BS IV,21800
KTM Duke 200cc,BS IV,155000
Bajaj Discover 100M,BS IV,20300
Royal Enfield Classic 350cc,BS IV,180000
Honda Livo Disc 110cc,BS IV,54000
Royal Enfield Classic 350cc,BS IV,75000
Bajaj Discover 110cc,BS 6,35000
TVS Apache RR310,BS IV,200000
Hero Passion Pro 100cc,BS IV,17500
KTM RC 200cc,BS 6,168000
Royal Enfield Classic 350cc,BS 6,140000
Royal Enfield Classic 350cc,BS 6,136000
Royal Enfield Classic 350cc,BS 6,135000
Royal Enfield Classic 350cc,BS 6,130000
Royal Enfield Classic 350cc,BS 6,115000
Suzuki Gixxer SF 150cc ABS,BS 6,60000
Bajaj Boxer CT100,BS 6,18000
Bajaj V15 150cc,BS 6,42000
Yamaha FZ25 250cc,BS 6,105000
Royal Enfield Bullet Twinspark 350cc,BS 6,125000
Bajaj Dominar 400 ABS,BS 6,142000
TVS Apache RTR 180cc,BS IV,65000
Bajaj Discover 100cc,BS IV,26000
Hero Splendor Pro 100cc,BS IV,38000
TVS Apache RTR 200 4V Carburetor,BS IV,93000
Bajaj V15 150cc,BS IV,38700
TVS Apache RTR 200 4V Carburetor,BS IV,85000
Yamaha YZF-R15 150cc,BS IV,63000
TVS Apache RTR 200 4V FI,BS IV,67000
Royal Enfield Classic 350cc,BS IV,125000
Royal Enfield Classic 350cc,BS IV,118000
Yamaha FZ V 2.0 150cc,BS IV,35000
Hero Passion Pro 100cc,BS 6,42000
Yamaha Fazer 25 250cc,BS 6,85000
Royal Enfield Classic 500cc,BS 6,120000
Honda CB Hornet 160R CBS,BS 6,70000
Bajaj Pulsar 220F,BS 6,80000
Bajaj Pulsar RS200 ABS,BS 6,120000
Yamaha FZs 150cc,BS 6,62000
Royal Enfield Classic Gunmetal Grey 350cc ABS,BS 6,150000
Bajaj Pulsar RS200 ABS,BS 6,80000
TVS Apache RTR 200 4V Carburetor,,68000
BMW G 310 R,BS IV,270000
Harley-Davidson Street 750,BS IV,360000
Royal Enfield Thunderbird 500cc,BS IV,98000
Suzuki Intruder 150cc,BS IV,70926
Yamaha YZF-R15 2.0 150cc,BS IV,58000
Hyosung Aquila GV250,BS IV,170000
Bajaj Pulsar 220cc,BS IV,38000
Bajaj V12 125cc,BS IV,38000
Yamaha FZ16 150cc,BS IV,32000
TVS Apache RTR 180cc,BS IV,42000
Bajaj V15 150cc,BS IV,30000
Yamaha YZF-R15 2.0 150cc,BS IV,80000
Bajaj Pulsar NS200,BS IV,79000
Hero CD 100SS,BS IV,25500
Royal Enfield Himalayan 410cc,BS IV,119000
Yamaha FZ16 150cc,BS IV,32000
TVS Apache RTR 180cc,BS IV,42000
Bajaj V15 150cc,BS IV,30000
TVS Apache RTR 180cc,BS IV,28000
Royal Enfield Thunderbird 500cc,BS IV,119000
Royal Enfield Classic 350cc,BS IV,151000
Royal Enfield Thunderbird 350cc,BS IV,47000
Royal Enfield Classic 350cc,BS IV,115000
TVS Apache RTR 200 4V ABS,BS IV,90000
Hero Passion Plus 100cc,BS IV,10669
Hero Splendor Plus 100cc,BS IV,44000
Hero Honda Splendor Plus 100cc,BS IV,23000
Hero Passion Xpro 110cc,BS IV,35000
Hero Splendor Plus 100cc,BS IV,23500
Hero HF Deluxe 100cc,BS IV,36000
Bajaj Discover 100T,BS IV,28000
Honda Livo 110cc,BS IV,52600
Bajaj Pulsar 180cc,BS IV,40100
Bajaj Pulsar 180cc,BS IV,56000
Royal Enfield Classic 350cc,BS IV,121600
Hero Hunk 150cc,BS IV,20010
Yamaha FZs 150cc,BS IV,40000
KTM Duke 390cc,BS IV,115000
Hero Karizma R 223cc,BS IV,27000
Honda Dream Yuga 110cc,BS IV,26000
Hero Passion Pro i3S Alloy 100cc,BS IV,30100
Hero HF Deluxe self Alloy 100cc,BS IV,35000
Bajaj Pulsar 150cc,BS IV,36000
Royal Enfield Bullet Electra 350cc,BS IV,75700
Honda CB Shine 125cc,BS IV,37000
Royal Enfield Interceptor 650cc,BS 6,250000
Hero Super Splendor 125cc,BS 6,27000
Bajaj Avenger Street 150,BS 6,63000
Hero Splendor Plus 100cc,BS 6,46500
Benelli TNT 25 250cc,BS IV,145200
Hero CD Deluxe 100cc,BS IV,13500
Suzuki Slingshot Plus 125cc,BS IV,16000
Royal Enfield Thunderbird 350cc,BS IV,71300
Yamaha YZF-R15 2.0 150cc,BS IV,90000
Bajaj Avenger Street 150,BS IV,35600
Yamaha FZ16 150cc,BS IV,24000
Hero Splendor Plus 100cc,BS IV,15000
Royal Enfield Classic 350cc,BS IV,116100
TVS Apache RTR 160cc,BS IV,35000
Royal Enfield Thunderbird 500cc,BS 6,150000
Royal Enfield Bullet 350cc,BS 6,110000
Yamaha YZF-R15 150cc,BS 6,88000
Hero CD Deluxe 100cc,BS 6,22500
Honda CB Shine 125cc,BS IV,25000
Royal Enfield Bullet 350cc,BS IV,60000
Royal Enfield Bullet Electra 350cc,BS IV,62000
Kawasaki Ninja 300cc,BS IV,210000
Honda CBR 150R 150cc,BS 6,90000
KTM RC 200cc,BS 6,108000
Bajaj Discover 100cc,BS IV,17500
